id, feature, fc, pval, qval, gene_name, de
ENSG00000164032, gene, 0.368912064357865, 6.3865268628005e-06, 0.0570444579385341, H2AZ1, -1.43865112530526